,City,Country,Date,Max Temp,Cloudiness,Wind Speed,Humidity,Latitude,Longitude
0,Saskylakh,RU,1619474685,2.98,97,4.52,97,71.9167,114.0833
1,Iquique,CL,1619474447,68.0,0,12.66,68,-20.2208,-70.1431
2,Qaanaaq,GL,1619474685,39.36,92,7.27,70,77.484,-69.3632
3,Atuona,PF,1619474685,79.72,73,15.32,76,-9.8,-139.0333
4,Butaritari,KI,1619474686,83.32,90,12.93,75,3.0707,172.7902
5,Rikitea,PF,1619474440,77.58,74,8.68,74,-23.1203,-134.9692
6,Mataura,NZ,1619474686,44.01,98,5.01,85,-46.1927,168.8643
7,Lavrentiya,RU,1619474439,31.51,99,2.37,83,65.5833,-171.0
8,Kapaa,US,1619474686,78.8,1,12.66,65,22.0752,-159.319
9,Khatanga,RU,1619474687,18.41,100,14.41,88,71.9667,102.5
10,Shīeli,KZ,1619474687,61.83,5,3.18,28,44.1667,66.75
11,Saint-Philippe,RE,1619474688,77.0,75,9.22,73,-21.3585,55.7679
12,Busselton,AU,1619474440,55.99,100,3.44,93,-33.65,115.3333
13,College,US,1619474689,60.8,75,4.74,26,64.8569,-147.8028
14,Talnakh,RU,1619474689,10.22,93,9.06,82,69.4865,88.3972
15,Saint Paul Harbor,US,1619474690,44.6,90,10.36,76,57.79,-152.4072
16,Nova Viçosa,BR,1619474576,77.47,76,10.47,78,-17.8919,-39.3719
17,Tiksi,RU,1619474690,16.14,100,10.58,93,71.6872,128.8694
18,Rapid Valley,US,1619474690,61.0,90,11.5,58,44.0625,-103.1463
19,Ushuaia,AR,1619474648,44.6,75,3.44,81,-54.8,-68.3
20,Iqaluit,CA,1619474691,28.4,90,24.16,86,63.7506,-68.5145
21,Saint-Joseph,RE,1619474691,77.0,75,9.22,73,-21.3667,55.6167
22,Vardø,NO,1619474692,28.4,20,11.5,74,70.3705,31.1107
23,Manzhouli,CN,1619474692,33.55,100,27.04,60,49.6,117.4333
24,Dera Ghazi Khan,PK,1619474501,85.87,0,2.53,13,30.0561,70.6348
25,Adrar,MR,1619474692,86.85,37,9.98,18,20.5022,-10.0711
26,Dikson,RU,1619474693,31.78,100,17.69,98,73.5069,80.5464
27,Hermanus,ZA,1619474693,62.01,60,1.01,85,-34.4187,19.2345
28,Clyde River,CA,1619474427,24.8,90,3.44,100,70.4692,-68.5914
29,Zhezkazgan,KZ,1619474694,57.04,100,8.01,43,47.8043,67.7144
30,Tongliao,CN,1619474694,54.01,100,15.05,40,43.6125,122.2653
31,Hofn,IS,1619474694,38.91,16,4.16,73,64.2539,-15.2082
32,Provideniya,RU,1619474695,37.4,0,4.47,70,64.3833,-173.3
33,São João da Barra,BR,1619474695,78.8,0,13.8,73,-21.6403,-41.0511
34,Nāhan,IN,1619474695,73.69,0,5.91,21,30.55,77.3
35,Mar del Plata,AR,1619474549,60.8,0,5.75,67,-38.0023,-57.5575
36,Cape Town,ZA,1619474657,63.0,75,18.41,88,-33.9258,18.4232
37,Barrow,US,1619474465,19.4,1,19.57,73,71.2906,-156.7887
38,Saint George,US,1619474696,57.0,100,9.24,51,37.1041,-113.5841
39,Kanlagay,PH,1619474696,80.33,100,0.92,79,5.8757,121.2915
40,Seymchan,RU,1619474697,9.46,17,4.29,82,62.8833,152.4333
41,Avarua,CK,1619474697,80.6,45,4.61,78,-21.2078,-159.775
42,Haines Junction,CA,1619474698,53.6,48,2.3,26,60.7522,-137.5108
43,Dukat,RU,1619474698,17.15,5,5.23,78,62.55,155.55
44,Takoradze,GH,1619474698,81.5,77,8.39,86,4.8845,-1.7554
45,Srednekolymsk,RU,1619474699,22.73,22,5.93,77,67.45,153.6833
46,Am Timan,TD,1619474699,90.75,44,3.38,26,11.0297,20.2827
47,Petropavlovsk-Kamchatskiy,RU,1619474699,32.0,90,4.47,100,53.0452,158.6483
48,Hithadhoo,MV,1619474700,82.4,10,4.9,64,-0.6,73.0833
49,Kirakira,SB,1619474700,81.5,73,4.56,75,-10.4544,161.9205
50,Hobart,AU,1619474668,46.99,20,8.05,87,-42.8794,147.3294
51,La Santisima Trinidad,BO,1619474700,75.2,75,4.61,73,-14.8333,-64.9
52,Kupang,ID,1619474701,72.18,89,6.69,72,-10.1667,123.5833
53,Buala,SB,1619474701,83.17,92,5.39,77,-8.145,159.5921
54,Waynesville,US,1619474701,72.0,4,1.01,38,35.4887,-82.9887
55,San Patricio,US,1619474702,82.4,90,19.57,65,28.017,-97.5169
56,Hambantota,LK,1619474702,78.8,20,2.3,100,6.1241,81.1185
57,Albania,AL,1619474702,57.2,75,6.91,72,41.0,20.0
58,Wuzhou,CN,1619474703,66.61,100,2.48,96,23.4833,111.3167
59,Shemonaīkha,KZ,1619474664,46.06,100,3.87,58,50.6328,81.9056
60,Inta,RU,1619474448,37.47,100,10.36,97,66.0317,60.1659
61,Ciudad Bolivar,VE,1619474703,95.04,92,5.95,32,8.1222,-63.5497
62,Ambon City,ID,1619474704,73.4,20,13.8,94,-3.6954,128.1814
63,Souillac,MU,1619474704,78.8,75,12.66,78,-20.5167,57.5167
64,Chokurdakh,RU,1619474704,22.06,99,4.9,89,70.6333,147.9167
65,Albany,US,1619474705,54.0,2,7.0,29,42.6001,-73.9662
66,Ancud,CL,1619474423,59.0,40,9.22,77,-41.8697,-73.8203
67,Mahébourg,MU,1619474706,78.8,75,12.66,78,-20.4081,57.7
68,Perth,AU,1619474493,59.0,0,3.44,82,-31.9333,115.8333
69,Russell,US,1619474414,82.4,1,6.91,34,32.3502,-85.1999
70,Mandan,US,1619474682,52.0,75,6.08,100,46.8267,-100.8896
71,New Norfolk,AU,1619474706,46.99,14,2.46,86,-42.7826,147.0587
72,Carutapera,BR,1619474707,77.54,100,6.55,86,-1.195,-46.02
73,Flinders,AU,1619474707,55.99,1,1.01,92,-34.5833,150.8552
74,St. George's,GD,1619474707,82.4,20,21.85,69,12.0564,-61.7485
75,Beloha,MG,1619474708,72.75,7,6.31,72,-25.1667,45.05
76,Antofagasta,CL,1619474708,64.4,0,9.22,72,-23.65,-70.4
77,Limbang,MY,1619474708,77.0,75,2.3,100,4.75,115.0
78,Punta Arenas,CL,1619474427,44.6,75,8.05,100,-53.15,-70.9167
79,Tiarei,PF,1619474709,86.0,40,8.05,66,-17.5333,-149.3333
80,Guerrero Negro,MX,1619474709,64.78,98,16.84,56,27.9769,-114.0611
81,Yangi Marg`ilon,UZ,1619474709,57.2,0,2.3,62,40.4272,71.7189
82,Taoudenni,ML,1619474710,93.49,33,12.28,13,22.6783,-3.9836
83,Bredasdorp,ZA,1619474710,51.8,16,4.83,87,-34.5322,20.0403
84,Tadine,NC,1619474711,74.21,100,19.39,70,-21.55,167.8833
85,Barcelos,PT,1619474711,59.0,20,3.44,94,41.5388,-8.6151
86,Isabela,PH,1619474711,75.2,40,1.14,94,6.7085,121.9711
87,Benguela,AO,1619474712,77.79,16,0.38,82,-12.5763,13.4055
88,Vung Tau,VN,1619474712,82.35,93,5.82,71,10.346,107.0843
89,Bluff,NZ,1619474713,44.01,56,5.01,85,-46.6,168.3333
90,Lorengau,PG,1619474713,82.33,95,0.94,74,-2.0226,147.2712
91,Oddur,SO,1619474713,79.41,98,2.73,63,4.1213,43.8894
92,Puerto Ayora,EC,1619474714,82.4,40,18.41,69,-0.7393,-90.3518
93,Port Elizabeth,ZA,1619474714,64.4,0,5.75,88,-33.918,25.5701
94,Castro,BR,1619474467,62.82,51,2.51,73,-24.7911,-50.0119
95,Pisco,PE,1619474714,68.0,0,9.22,83,-13.7,-76.2167
96,Nome,US,1619474714,44.6,1,4.61,57,64.5011,-165.4064
97,Mandurah,AU,1619474715,61.0,100,4.5,80,-32.55,115.7
98,Jijiga,ET,1619474715,62.64,100,3.67,80,9.35,42.8
99,Geraldton,AU,1619474715,59.0,31,10.36,67,-28.7667,114.6
100,Mocuba,MZ,1619474716,69.89,71,2.3,98,-16.8392,36.9856
101,Cidreira,BR,1619474716,65.08,42,10.04,69,-30.1811,-50.2056
102,Hilo,US,1619474716,78.8,90,9.22,57,19.7297,-155.09
103,Itarema,BR,1619474580,80.26,69,13.04,78,-2.9248,-39.9167
104,Guiratinga,BR,1619474717,75.16,87,3.62,70,-16.3494,-53.7583
105,Mossamedes,AO,1619474717,75.33,1,8.41,73,-15.1961,12.1522
106,Severo-Kuril'sk,RU,1619474717,31.05,100,22.1,95,50.6789,156.125
107,Yellowknife,CA,1619474487,10.0,40,13.8,52,62.456,-114.3525
108,Lamu,KE,1619474719,80.92,38,11.16,80,-2.2717,40.902
109,Muncar,ID,1619474719,77.41,61,7.31,84,-8.4333,114.3333
110,Chapais,CA,1619474719,35.6,90,16.11,69,49.7834,-74.8492
111,Tasiilaq,GL,1619474720,39.2,20,7.96,75,65.6145,-37.6368
112,Genhe,CN,1619474720,35.74,100,12.24,86,50.7833,121.5167
113,Portland,US,1619474714,60.01,75,4.61,67,45.5234,-122.6762
114,Carnarvon,AU,1619474720,62.6,0,5.75,67,-24.8667,113.6333
115,Nanortalik,GL,1619474429,33.91,100,8.95,98,60.1432,-45.2371
116,Nantucket,US,1619474721,53.6,1,14.97,43,41.2835,-70.0995
117,Verāval,IN,1619474721,80.24,14,12.39,80,20.9,70.3667
118,Havøysund,NO,1619474722,32.0,75,5.75,80,70.9963,24.6622
119,Shakawe,BW,1619474722,70.07,77,3.53,37,-18.3667,21.85
120,San Miguel de Cozumel,MX,1619474722,86.0,40,6.91,58,20.5083,-86.9458
121,Raduzhny,RU,1619474723,35.85,100,5.23,94,62.0961,77.475
122,Tifton,US,1619474723,80.6,1,3.44,41,31.4505,-83.5085
123,Araouane,ML,1619474723,92.25,39,10.94,12,18.9048,-3.5265
124,Esperance,AU,1619474723,66.2,100,17.27,39,-33.8667,121.9
125,Igrim,RU,1619474724,34.39,48,4.85,86,63.1906,64.4162
126,Payo,ID,1619474724,71.71,22,2.08,93,-3.7508,103.6372
127,Mount Gambier,AU,1619474724,51.8,90,2.3,93,-37.8333,140.7667
128,San Jose,US,1619474620,64.0,75,14.97,45,37.3394,-121.895
129,Namatanai,PG,1619474725,82.96,60,3.33,72,-3.6667,152.4333
130,Kisangani,CD,1619474725,70.48,28,1.79,89,0.5167,25.2
131,Vestmannaeyjar,IS,1619474726,45.09,9,9.42,89,63.4427,-20.2734
132,Río Gallegos,AR,1619474726,62.6,40,11.5,42,-51.6226,-69.2181
133,Lamar,US,1619474726,82.0,1,16.11,47,33.6668,-95.5836
134,Jamestown,US,1619474526,52.0,90,6.91,40,42.097,-79.2353
135,Saldanha,ZA,1619474726,60.8,77,19.57,94,-33.0117,17.9442
136,Malé,MV,1619474727,84.2,20,6.91,79,4.1748,73.5089
137,Edson,CA,1619474466,55.4,20,19.57,18,53.5835,-116.4356
138,Port-Cartier,CA,1619474727,44.01,90,13.8,93,50.0334,-66.8654
139,Camaná,PE,1619474727,69.89,26,8.41,77,-16.6228,-72.7111
140,Sur,OM,1619474728,86.38,29,10.4,36,22.5667,59.5289
141,Berlevåg,NO,1619474728,28.4,75,11.5,86,70.8578,29.0864
142,Vaini,TO,1619474728,77.0,75,9.22,94,-21.2,-175.2
143,Ponta do Sol,PT,1619474729,61.0,86,1.99,79,32.6667,-17.1
144,Orlik,RU,1619474729,13.75,36,2.04,93,52.5178,99.825
145,Mahibadhoo,MV,1619474729,82.63,54,6.98,74,3.7833,72.9667
146,Cabo San Lucas,MX,1619474515,75.2,75,10.36,46,22.8909,-109.9124
147,Agüimes,ES,1619474730,68.0,40,10.36,68,27.9054,-15.4461
148,Nhulunbuy,AU,1619474451,77.0,90,4.12,94,-12.2333,136.7667
149,Zhigansk,RU,1619474730,13.51,100,16.58,90,66.7697,123.3711
150,Saint-François,FR,1619474730,53.6,0,2.64,76,46.4154,3.9054
151,Tessalit,ML,1619474731,91.02,12,8.19,8,20.1986,1.0114
152,Dongning,CN,1619474731,46.56,68,2.08,66,44.0622,131.1207
153,Lebu,CL,1619474731,56.19,4,10.76,81,-37.6167,-73.65
154,La Ronge,CA,1619474732,51.8,100,9.22,25,55.1001,-105.2842
155,Bilma,NE,1619474732,90.52,11,9.19,9,18.6853,12.9164
156,Grindavik,IS,1619474733,42.8,0,4.61,75,63.8424,-22.4338
157,Purpe,RU,1619474733,30.0,100,18.57,83,64.4803,76.6897
158,Margate,GB,1619474734,44.01,94,3.0,78,51.3813,1.3862
159,Deputatsky,RU,1619474734,25.81,100,1.74,92,69.3,139.9
160,Longyearbyen,SJ,1619474734,21.2,40,11.5,63,78.2186,15.6401
161,Arrondissement d'Arcachon,FR,1619474734,55.4,90,4.61,94,44.5875,-1.0519
162,Alofi,NU,1619474735,82.4,41,9.22,83,-19.0595,-169.9187
163,Fortuna,US,1619474735,55.99,40,9.22,62,40.5982,-124.1573
164,Aksarka,RU,1619474736,33.76,100,7.58,99,66.5606,67.7975
165,Sitka,US,1619474736,50.0,1,3.44,76,57.0531,-135.33
166,Henties Bay,NA,1619474736,62.01,16,5.01,88,-22.116,14.2845
167,Nurota,UZ,1619474737,66.2,0,13.8,30,40.5614,65.6886
168,Abhā,SA,1619474737,59.0,0,1.81,82,18.2164,42.5053
169,Vostok,RU,1619474737,42.96,15,3.38,38,46.4856,135.8833
170,Korla,CN,1619474737,54.16,14,6.24,34,41.7597,86.1469
171,Tobol,KZ,1619474738,47.25,100,3.44,96,52.6844,62.5794
172,Baculin,PH,1619474738,77.27,100,4.81,86,7.4525,126.5842
173,East London,ZA,1619474739,69.87,100,3.22,61,-33.0153,27.9116
174,Nikolskoye,RU,1619474739,41.0,75,6.71,75,59.7035,30.7861
175,Bengkulu,ID,1619474708,75.11,85,4.43,88,-3.8004,102.2655
176,Caravelas,BR,1619474739,76.82,50,7.36,78,-17.7125,-39.2481
177,Hong Kong,HK,1619474557,73.99,100,17.31,89,22.2855,114.1577
178,George Town,MY,1619474671,78.8,20,6.91,94,5.4112,100.3354
179,Todos Santos,MX,1619474740,84.0,98,1.01,44,23.45,-110.2167
180,Shubarkuduk,KZ,1619474740,54.45,100,7.25,63,49.1447,56.4872
181,Sampit,ID,1619474468,73.76,97,1.72,96,-2.5333,112.95
182,Necochea,AR,1619474716,57.0,12,1.01,87,-38.5473,-58.7368
183,Chui,UY,1619474740,57.7,10,8.28,71,-33.6971,-53.4616
184,Lagoa,PT,1619474741,60.28,91,8.86,87,39.05,-27.9833
185,Husavik,IS,1619474741,35.6,0,4.61,80,66.0449,-17.3389
186,Fort Dodge,US,1619474681,86.0,1,14.97,37,42.4975,-94.168
187,Mmathubudukwane,BW,1619474741,60.8,0,5.75,33,-24.6,26.4333
188,Goderich,CA,1619474742,39.2,100,1.14,65,43.7501,-81.7165
189,Ottumwa,US,1619474742,87.8,1,23.02,37,41.02,-92.4113
190,Sarkand,KZ,1619474742,49.03,26,8.3,39,45.41,79.9186
191,Oodweyne,SO,1619474743,66.13,100,7.78,82,9.4092,45.064
192,Togul,RU,1619474743,41.72,100,11.77,90,53.465,85.9128
193,Aswān,EG,1619474743,78.93,0,17.58,21,24.0934,32.907
194,Tuktoyaktuk,CA,1619474744,8.6,1,14.97,72,69.4541,-133.0374
195,Anloga,GH,1619474744,84.2,40,6.91,84,5.7947,0.8973
196,Mnogovershinnyy,RU,1619474745,33.67,84,4.52,76,53.9353,139.9242
197,Ukiah,US,1619474745,60.8,90,8.05,39,39.1502,-123.2078
198,Al Bardīyah,LY,1619474745,60.28,1,8.81,76,31.7561,25.0865
199,Tsimmerbude,RU,1619474746,36.0,75,11.18,93,54.675,20.1347
200,Talcahuano,CL,1619474746,60.8,0,10.36,77,-36.7167,-73.1167
201,Verkhoyansk,RU,1619474746,31.32,100,2.64,97,67.5447,133.385
202,Puerto Morazán,NI,1619474747,93.2,20,4.61,43,12.8504,-87.1717
203,Port Alfred,ZA,1619474747,66.7,98,11.95,86,-33.5906,26.891
204,Ha Tinh,VN,1619474748,76.62,100,0.43,92,18.3333,105.9
205,Egvekinot,RU,1619474748,24.06,23,3.49,87,66.3167,-179.1667
206,Umm Hājar,TD,1619474748,87.37,52,9.31,8,13.2954,19.6966
207,Devils Lake,US,1619474749,52.0,1,4.09,54,48.1128,-98.8651
208,Tuatapere,NZ,1619474749,44.01,95,5.01,85,-46.1333,167.6833
209,Koumac,NC,1619474750,75.24,31,15.86,72,-20.5667,164.2833
210,Manzanillo,CU,1619474750,90.57,47,9.89,40,20.3433,-77.1167
211,Akbarpur,IN,1619474750,82.49,0,6.6,6,26.4167,82.55
212,Chirongui,YT,1619474750,78.8,0,2.3,89,-12.9319,45.1483
213,Pyn U Lwin,MM,1619474751,67.42,8,3.15,75,22.0333,96.4667
214,Ostrovnoy,RU,1619474751,30.07,100,16.24,72,68.0531,39.5131
215,Staroye Drozhzhanoye,RU,1619474751,39.76,99,3.22,63,54.7266,47.5677
216,Manado,ID,1619474752,73.4,20,1.14,94,1.487,124.8455
217,Richards Bay,ZA,1619474752,65.71,31,5.61,91,-28.783,32.0377
218,Aykhal,RU,1619474752,7.84,100,13.13,94,66.0,111.5
219,Ganzhou,CN,1619474753,62.83,100,2.24,97,28.8184,115.4327
220,Tezu,IN,1619474753,74.12,21,4.74,27,27.9167,96.1667
221,Saryg-Sep,RU,1619474753,24.19,32,3.87,84,51.5,95.6
222,Te Anau,NZ,1619474753,40.39,76,0.67,85,-45.4167,167.7167
223,Porto-Novo,BJ,1619474754,86.0,20,12.66,74,6.4965,2.6036
224,Yaan,NG,1619474754,83.21,66,6.87,61,7.3833,8.5667
225,Scottsboro,US,1619474533,78.8,1,5.75,41,34.6723,-86.0341
226,Ust-Tsilma,RU,1619474754,37.15,100,1.57,99,65.441,52.1498
227,Upernavik,GL,1619474755,36.32,57,3.69,82,72.7868,-56.1549
228,Salamanca,ES,1619474755,53.6,0,5.75,82,40.8333,-6.0
229,Reshetylivka,UA,1619474756,34.86,5,7.07,84,49.565,34.0782
230,Paraíso,CR,1619474756,84.2,40,13.8,50,9.8383,-83.8656
231,Bambous Virieux,MU,1619474757,78.8,75,12.66,78,-20.3428,57.7575
232,Byron Bay,AU,1619474602,62.01,76,1.14,100,-28.65,153.6167
233,Palana,RU,1619474757,25.36,100,4.41,91,59.1167,159.9667
234,Anqiu,CN,1619474757,52.02,16,6.04,94,36.4342,119.1925
235,Thompson,CA,1619474758,48.2,40,11.5,46,55.7435,-97.8558
236,Labuhan,ID,1619474758,76.71,71,6.35,84,-6.8844,112.2051
237,Danilov,RU,1619474758,30.36,32,4.85,93,58.1908,40.1717
238,Aktobe,KZ,1619474758,51.8,0,15.66,76,50.2797,57.2072
239,Lerwick,GB,1619474759,42.8,90,13.8,87,60.1545,-1.1494
240,Mamlyutka,KZ,1619474759,45.91,100,13.65,84,54.9375,68.5394
241,Chicama,PE,1619474760,62.6,75,11.5,94,-7.8447,-79.1469
242,Ribeira Grande,PT,1619474760,61.02,100,3.71,83,38.5167,-28.7
243,Broken Hill,AU,1619474760,46.4,21,5.86,71,-31.95,141.4333
244,Kewanee,US,1619474761,79.0,21,8.01,45,41.2456,-89.9248
245,Abū Zabad,SD,1619474761,85.78,92,3.67,26,12.35,29.25
246,Lüderitz,NA,1619474761,60.91,81,7.09,87,-26.6481,15.1594
247,Mil'kovo,RU,1619474761,33.49,100,5.41,99,54.7167,158.6167
248,Paphos,CY,1619474762,64.4,75,5.75,82,34.7667,32.4167
249,Clarence Town,AU,1619474762,55.99,40,8.05,100,-32.5833,151.7833
250,Awjilah,LY,1619474763,69.42,5,5.77,31,29.1081,21.2869
251,Grândola,PT,1619474763,57.99,99,1.99,89,38.1772,-8.5668
252,Talaya,RU,1619474763,10.87,37,2.98,79,61.3833,152.75
253,Lander,US,1619474702,59.0,1,24.16,33,42.833,-108.7307
254,Karratha,AU,1619474764,74.28,0,8.77,36,-20.7377,116.8463
255,Strassen,LU,1619474764,42.01,0,10.36,48,49.6206,6.0733
256,Muhos,FI,1619474764,35.6,0,3.44,55,64.808,25.9931
257,Lębork,PL,1619474765,37.0,75,4.61,64,54.5392,17.7501
258,Arlington,US,1619474568,82.99,1,16.11,41,32.7357,-97.1081
259,Jardim,BR,1619474766,68.99,0,5.7,51,-21.4803,-56.1381
260,Mbandaka,CD,1619474766,74.43,61,3.94,81,0.0487,18.2603
261,Cherskiy,RU,1619474766,19.09,52,8.01,85,68.75,161.3
262,Port Lincoln,AU,1619474471,60.66,98,5.68,79,-34.7333,135.8667
263,Jackson,US,1619474682,59.0,20,6.91,35,42.4165,-122.8345
264,Dhārchula,IN,1619474767,62.26,1,8.84,34,29.85,80.5333
265,Leningradskiy,RU,1619474767,28.99,42,5.19,88,69.3833,178.4167
266,Batemans Bay,AU,1619474767,55.0,4,3.0,84,-35.7167,150.1833
267,Coahuayana Viejo,MX,1619474768,86.0,90,13.8,45,18.7333,-103.6833
268,Fort Nelson,CA,1619474768,26.6,90,10.36,63,58.8053,-122.7002
269,Francisco Beltrão,BR,1619474768,58.53,6,5.57,68,-26.0811,-53.055
270,Oshkosh,US,1619474769,55.4,90,17.27,54,44.0247,-88.5426
271,Gigmoto,PH,1619474769,76.78,100,10.25,85,13.7796,124.39
272,Teguise,ES,1619474769,68.0,20,4.61,68,29.0605,-13.564
273,Kumluca,TR,1619474769,66.47,1,6.64,45,36.3703,30.2869
274,Tocopilla,CL,1619474770,69.08,14,5.19,61,-22.092,-70.1979
275,Faanui,PF,1619474770,81.09,91,4.83,67,-16.4833,-151.75
276,Konosha,RU,1619474770,36.7,100,2.86,98,60.9736,40.257
277,La Rioja,ES,1619474771,55.99,90,2.3,82,42.25,-2.5
278,Quatre Cocos,MU,1619474771,78.8,75,12.66,78,-20.2078,57.7625
279,Lubango,AO,1619474771,60.75,37,3.0,69,-14.9172,13.4925
280,Nuuk,GL,1619474772,37.4,90,6.91,93,64.1835,-51.7216
281,Ngorongoro,TZ,1619474772,51.98,97,2.55,92,-3.2397,35.4875
282,Kailua,US,1619474772,82.0,40,8.05,57,21.4022,-157.7394
283,Vila Velha,BR,1619474773,78.8,20,8.05,89,-20.3297,-40.2925
284,Wuwei,CN,1619474773,41.77,71,5.82,29,37.9281,102.6414
285,Xudat,AZ,1619474773,51.93,96,9.75,88,41.631,48.681
286,Deming,US,1619474773,82.4,1,19.57,5,32.2687,-107.7586
287,Bam,IR,1619474774,77.59,51,7.63,20,29.106,58.357
288,Bethel,US,1619474774,59.0,1,16.11,18,41.3712,-73.414
289,Dunedin,NZ,1619474774,45.0,48,17.0,64,-45.8742,170.5036
290,Philadelphia,US,1619474768,63.0,20,9.22,19,39.9523,-75.1638
291,Grande Prairie,CA,1619474478,46.4,75,10.36,36,55.1667,-118.8027
292,Rosetta,EG,1619474775,62.6,0,8.05,77,31.4044,30.4164
293,Yerbogachën,RU,1619474775,15.44,11,6.51,87,61.2767,108.0108
294,Cap Malheureux,MU,1619474776,77.0,100,8.99,83,-19.9842,57.6142
295,Kachug,RU,1619474776,29.66,57,10.94,80,53.9606,105.8817
296,Caconde,BR,1619474777,70.39,77,3.27,55,-21.5294,-46.6439
297,Sinnamary,GF,1619474777,77.27,100,10.29,89,5.3833,-52.95
298,Flin Flon,CA,1619474777,53.6,20,17.27,26,54.7682,-101.865
299,Kostanay,KZ,1619474777,48.2,90,8.95,93,53.1667,63.5833
300,Ankazoabo,MG,1619474778,67.86,9,5.35,87,-22.2833,44.5167
301,Ghātanji,IN,1619474778,89.64,100,5.12,25,20.1333,78.3167
302,Vestmanna,FO,1619474779,39.2,100,25.32,81,62.1564,-7.1664
303,Nioro,GM,1619474779,83.16,25,12.1,36,13.35,-15.75
304,Eyl,SO,1619474779,83.19,91,4.88,72,7.9803,49.8164
305,Waldoboro,US,1619474780,43.0,90,19.57,52,44.0954,-69.3756
306,Saint-Raphaël,HT,1619474780,76.66,59,7.63,73,19.4333,-72.2
307,Venado,MX,1619474780,87.98,99,6.62,17,22.9333,-101.0833
308,Touros,BR,1619474780,78.8,20,8.05,83,-5.1989,-35.4608
309,Vieques,PR,1619474781,82.4,40,12.66,61,18.425,-65.8329
310,Road Town,VG,1619474781,81.0,20,9.22,78,18.4167,-64.6167
311,Cap-aux-Meules,CA,1619474781,41.0,100,8.05,100,47.3821,-61.8597
312,Bereda,ES,1619474782,52.0,58,3.0,100,43.2686,-7.5406
313,Rocha,UY,1619474782,54.88,0,6.53,78,-34.4833,-54.3333
314,Lucapa,AO,1619474782,67.6,90,1.01,90,-8.4192,20.7447
315,Evensk,RU,1619474783,17.38,20,1.43,83,61.95,159.2333
316,Katsuura,JP,1619474783,53.6,40,4.61,57,35.1333,140.3
317,Kimbe,PG,1619474783,80.98,96,1.03,77,-5.5502,150.1429
318,Lata,PT,1619474784,60.01,35,1.99,93,40.1629,-8.3327
319,Makkah al Mukarramah,SA,1619474544,84.69,0,2.84,41,21.4267,39.8261
320,Marawi,PH,1619474784,73.99,100,5.99,91,7.9986,124.2928
321,Uyemskiy,RU,1619474785,32.0,90,4.47,86,64.4743,40.8524
322,Airai,TL,1619474785,55.26,72,1.95,71,-8.9266,125.4092
323,Lundazi,ZM,1619474785,62.64,68,5.66,89,-12.2929,33.1782
324,Constitución,CL,1619474785,59.94,0,12.12,69,-35.3333,-72.4167
325,Mawlaik,MM,1619474786,79.45,38,1.25,30,23.6333,94.4167
326,Laguna,US,1619474786,69.01,1,3.44,34,38.421,-121.4238
327,Wanning,CN,1619474786,77.5,100,4.65,88,18.8003,110.3967
328,Vorukh,TJ,1619474787,56.14,0,6.76,27,39.8494,70.5838
329,San Ramon,US,1619474626,64.99,40,10.36,42,37.7799,-121.978
330,Nicoya,CR,1619474787,89.6,0,16.11,45,10.1483,-85.452
331,Atar,MR,1619474787,83.61,38,5.95,17,20.5169,-13.0499
332,Nueve de Julio,AR,1619474788,61.0,9,1.39,63,-35.4444,-60.8831
333,Marsá Maţrūḩ,EG,1619474788,59.0,0,5.75,77,31.3525,27.2453
334,Forsytheganj,BY,1619474788,30.9,79,6.44,87,52.6333,29.7333
335,Arraial do Cabo,BR,1619474788,77.0,40,4.61,83,-22.9661,-42.0278
336,Logan Lake,CA,1619474789,66.99,20,13.8,18,50.4998,-120.8025
337,Marrakesh,MA,1619474620,62.6,40,9.22,67,31.6315,-8.0083
338,Udalguri,IN,1619474789,76.33,70,5.57,36,26.7667,92.1333
339,Abu Kamal,SY,1619474790,73.67,22,14.61,28,34.4506,40.9171
340,Vila,PT,1619474790,53.01,96,1.74,88,42.0304,-8.1588
341,Yar-Sale,RU,1619474790,33.42,100,13.42,98,66.8333,70.8333
342,Härnösand,SE,1619474791,30.2,99,3.44,80,62.6323,17.9379
343,Palauig,PH,1619474791,78.06,70,3.6,75,15.435,119.9045
344,Marabu,MY,1619474564,77.0,20,3.44,94,4.4148,114.0089
345,Garzón,CO,1619474703,77.63,89,2.98,85,2.1959,-75.6278
346,Morro Agudo,BR,1619474569,84.2,0,4.61,37,-20.7314,-48.0578
347,Departamento de Maldonado,UY,1619474735,63.0,75,14.97,72,-34.6667,-54.9167
348,Chimbote,PE,1619474703,69.28,10,8.79,79,-9.0853,-78.5783
349,Jiazi,CN,1619474792,70.48,100,12.53,86,22.8779,116.067
350,Olafsvik,IS,1619474793,42.15,0,3.98,64,64.8945,-23.7142
351,Kiunga,PG,1619474793,73.99,100,0.85,99,-6.1219,141.2906
352,Katerero,TZ,1619474793,64.4,20,3.96,94,-1.4,31.7333
353,Kavieng,PG,1619474794,82.98,55,1.07,72,-2.5744,150.7967
354,Maamba,ZM,1619474794,71.85,63,2.01,56,-17.3667,27.15
355,Imbituba,BR,1619474794,69.8,40,10.36,60,-28.24,-48.6703
356,Rawson,AR,1619474794,67.12,18,6.13,35,-43.3002,-65.1023
357,Honggang,CN,1619474795,56.53,100,20.33,45,46.4667,124.8667
358,Hasaki,JP,1619474518,46.4,20,4.61,66,35.7333,140.8333
359,Kohima,IN,1619474795,65.82,26,3.18,39,25.6667,94.1167
360,Praia da Vitória,PT,1619474796,61.0,75,7.92,88,38.7333,-27.0667
361,Genç,TR,1619474797,59.14,4,5.48,66,38.7507,40.5603
362,Mildura,AU,1619474797,46.4,91,4.61,81,-34.2,142.15
363,Quthing,LS,1619474797,56.21,99,4.43,36,-30.4,27.7003
364,Watertown,US,1619474637,55.99,1,18.41,28,42.3709,-71.1828
365,Cururupu,BR,1619474797,75.96,97,3.53,89,-1.8283,-44.8683
366,Pskov,RU,1619474798,35.6,90,8.95,93,57.8136,28.3496
367,Baoying,CN,1619474798,58.05,100,2.44,96,33.2292,119.3092
368,Katherine,AU,1619474799,73.4,100,4.61,88,-14.4667,132.2667
369,Valverde del Camino,ES,1619474799,64.0,66,1.99,76,37.5751,-6.7543
370,Grand Gaube,MU,1619474799,77.0,100,8.99,83,-20.0064,57.6608
371,Port Hardy,CA,1619474800,53.6,20,6.91,82,50.6996,-127.4199
372,North Bend,US,1619474800,55.99,90,13.8,71,43.4065,-124.2243
373,Tongren,CN,1619474800,58.6,100,2.35,91,27.7172,109.1853
374,Hervey Bay,AU,1619474800,63.0,18,3.0,87,-25.2986,152.8535
375,Pangnirtung,CA,1619474801,35.6,90,2.3,87,66.1451,-65.7125
376,Kropotkin,RU,1619474801,41.0,78,8.5,97,45.4375,40.5756
377,Yulara,AU,1619474801,55.4,0,9.22,47,-25.2406,130.9889
378,Port Macquarie,AU,1619474802,60.01,3,1.99,86,-31.4333,152.9167
379,Diego de Almagro,CL,1619474802,67.28,0,5.57,43,-26.3667,-70.05
380,Jacareacanga,BR,1619474802,74.39,100,1.54,98,-6.2222,-57.7528
381,Puyang,CN,1619474803,61.66,100,1.9,90,29.4603,119.8861
382,Kuril'sk,RU,1619474803,29.82,7,22.37,62,45.2333,147.8833
383,Hecun,CN,1619474803,57.27,61,2.64,23,36.5333,114.1111
384,Pārsābād,IR,1619474804,60.8,75,4.61,88,39.6482,47.9174
385,Kavaratti,IN,1619474804,83.77,0,7.49,74,10.5669,72.642
386,Loa Janan,ID,1619474804,72.86,75,0.67,99,-0.583,117.095
387,Stonewall,CA,1619474804,46.4,90,3.44,61,50.1344,-97.3268
388,Puerto Escondido,MX,1619474805,86.0,40,6.91,70,15.85,-97.0667
389,Taveta,KE,1619474805,73.4,40,2.17,43,-3.3963,37.6736
390,Noumea,NC,1619474805,75.99,75,11.5,78,-22.2763,166.4572
391,Ayan,RU,1619474806,29.84,100,6.15,87,56.45,138.1667
392,Shelton,US,1619474781,60.8,1,14.97,18,41.3165,-73.0932
393,Kaitangata,NZ,1619474806,46.0,66,13.0,83,-46.2817,169.8464
394,Ţahţā,EG,1619474806,73.4,0,11.5,33,26.7693,31.5021
395,Sovetskiy,RU,1619474807,37.33,95,6.82,83,61.3614,63.5842
396,Kampong Chhnang,KH,1619474807,80.11,100,4.74,78,12.1667,104.55
397,Rincon,US,1619474807,75.99,1,9.22,46,32.296,-81.2354
398,Tazovsky,RU,1619474808,33.66,100,12.28,93,67.4667,78.7
399,Houma,US,1619474808,81.0,1,10.36,57,29.5958,-90.7195
400,Kenai,US,1619474808,57.2,1,10.36,35,60.5544,-151.2583
401,Amberley,US,1619474809,75.2,1,12.66,31,39.2048,-84.428
402,Bagdarin,RU,1619474809,28.13,100,12.68,64,54.4333,113.6
403,Sergach,RU,1619474810,38.61,50,4.25,64,55.5308,45.4661
404,Lubao,PH,1619474810,77.0,75,2.3,78,14.9167,120.55
405,Bentley,GB,1619474810,46.99,90,9.22,70,53.5333,-1.15
406,Hutang,CN,1619474810,57.0,100,1.05,99,31.5333,119.4833
407,Bryan,US,1619474667,81.0,1,14.97,54,30.6744,-96.37
408,Manaure,CO,1619474811,83.1,100,24.34,65,11.7751,-72.4445
409,Ardakān,IR,1619474811,73.4,75,6.91,33,32.31,54.0175
410,Vaitape,PF,1619474811,81.05,92,4.79,67,-16.5167,-151.75
411,Três Passos,BR,1619474812,61.0,0,1.01,78,-27.4556,-53.9319
412,Kungurtug,RU,1619474812,13.66,51,2.37,89,50.5994,97.5228
413,Presidencia Roque Sáenz Peña,AR,1619474812,64.0,0,1.99,69,-26.7852,-60.4388
414,Solnechnyy,RU,1619474813,43.14,79,5.06,54,50.7214,136.6319
415,Carroll,US,1619474813,69.8,1,8.05,17,39.5501,-77.0164
416,Mount Isa,AU,1619474813,75.2,52,6.91,53,-20.7333,139.5
417,Okha,RU,1619474750,30.74,16,12.48,79,53.5739,142.9478
418,Fayaoué,NC,1619474814,75.45,72,24.18,73,-20.65,166.5333
419,Hamilton,US,1619474728,73.99,1,12.66,31,39.1834,-84.5333
420,Santa Cruz de la Sierra,BO,1619474814,73.4,20,4.61,56,-17.8,-63.1667
421,Codrington,AU,1619474815,54.79,67,1.92,79,-38.2667,141.9667
422,Merke,KZ,1619474815,57.2,2,6.82,39,42.8728,73.1786
423,Lompoc,US,1619474816,60.8,1,19.57,44,34.6391,-120.4579
424,Nguru,NG,1619474816,90.84,14,9.15,8,12.8791,10.4526
425,Manuk Mangkaw,PH,1619474816,81.48,100,2.1,74,4.8,119.85
426,Walvis Bay,NA,1619474549,62.01,60,5.75,88,-22.9575,14.5053
427,Saint-Louis,SN,1619474817,91.4,0,4.61,25,16.3333,-15.0
428,Kapoeta,SS,1619474817,70.7,100,3.85,85,4.7717,33.5903
429,Kiryat Gat,IL,1619474817,64.99,62,5.64,100,31.61,34.7642
430,Kruisfontein,ZA,1619474818,62.01,71,3.0,87,-34.0033,24.7314
431,Narsaq,GL,1619474818,37.4,75,5.75,87,60.9167,-46.05
432,Pitimbu,BR,1619474818,77.0,20,9.22,94,-7.4706,-34.8086
433,Portales,US,1619474818,82.0,40,25.32,5,34.1862,-103.3344
434,São José da Coroa Grande,BR,1619474819,78.03,78,8.08,82,-8.8978,-35.1478
435,Alice Springs,AU,1619474819,44.6,0,4.61,65,-23.7,133.8833
436,La Libertad,EC,1619474820,78.8,0,10.36,78,-2.2333,-80.9
437,Salinópolis,BR,1619474820,79.5,99,9.62,81,-0.6136,-47.3561
438,Mehamn,NO,1619474820,31.69,98,14.25,72,71.0357,27.8492
439,Magán,ES,1619474820,59.0,0,10.36,72,39.9683,-3.931
440,Kincardine,GB,1619474821,46.0,20,6.91,93,56.0667,-3.7167
441,Kalāleh,IR,1619474821,66.2,0,4.61,82,37.3807,55.4916
442,Coquimbo,CL,1619474821,60.8,20,9.22,72,-29.9533,-71.3436
443,Garça,BR,1619474822,78.8,0,3.44,57,-22.2106,-49.6561
444,Bima,ID,1619474822,72.07,28,4.16,85,-8.4667,118.7167
445,Pingdu,CN,1619474822,57.2,90,4.47,94,36.7844,119.9464
446,Nouadhibou,MR,1619474823,66.2,0,13.8,88,20.931,-17.0347
447,Halifax,CA,1619474545,51.8,75,17.27,66,44.6453,-63.5724
448,Iranshahr,IR,1619474823,89.6,0,13.8,12,27.2025,60.6848
449,Mosquera,CO,1619474824,62.6,40,9.22,77,4.7059,-74.2302
450,Vallenar,CL,1619474824,72.23,0,5.53,44,-28.5708,-70.7581
451,Griffin,US,1619474824,80.01,1,3.44,38,33.2468,-84.2641
452,Ikongo,MG,1619474825,68.52,98,0.45,99,-21.8833,47.4333
453,Bonavista,CA,1619474825,42.8,100,10.36,61,48.6499,-53.1147
454,Los Llanos de Aridane,ES,1619474825,68.0,90,6.91,77,28.6585,-17.9182
455,Mezen',RU,1619474826,29.73,100,10.22,93,65.8522,44.24
456,Tabou,CI,1619474826,80.64,41,7.99,85,4.423,-7.3528
457,Erzin,TR,1619474826,64.99,30,2.82,87,36.9559,36.2
458,West Bend,US,1619474703,59.0,90,12.66,50,43.4253,-88.1834
459,São Filipe,CV,1619474827,72.3,7,9.6,76,14.8961,-24.4956
460,Kandrian,PG,1619474827,80.37,70,3.06,86,-6.2167,149.55
461,Hazorasp,UZ,1619474828,60.8,0,4.61,36,41.3194,61.0742
462,Yenagoa,NG,1619474828,79.32,33,3.11,88,4.9247,6.2642
463,Colac,AU,1619474828,54.0,60,1.88,99,-38.3333,143.5833
464,Anshun,CN,1619474828,55.42,100,7.63,93,26.25,105.9333
465,Jieshi,CN,1619474829,71.01,100,13.71,85,22.8134,115.8257
466,Marquette,US,1619474829,35.01,100,5.99,89,46.5333,-87.6335
467,Kahului,US,1619474829,82.4,40,14.97,57,20.8947,-156.47
468,Kota Kinabalu,MY,1619474830,77.0,20,5.75,88,5.9749,116.0724
469,Machalí,CL,1619474830,69.8,0,5.75,37,-34.1833,-70.6667
470,Challapata,BO,1619474830,48.61,0,5.37,18,-18.9,-66.7667
471,Jadu,LY,1619474831,79.84,65,20.24,19,31.953,12.0261
472,Half Moon Bay,US,1619474627,62.01,1,11.5,71,37.4636,-122.4286
473,Mahudha,IN,1619474831,89.6,0,8.05,25,22.8167,72.9333
474,Dali,CN,1619474831,55.27,0,4.63,52,25.7,100.1833
475,Pochutla,MX,1619474832,91.0,40,11.5,62,15.7432,-96.4661
476,Escanaba,US,1619474832,35.6,90,21.85,93,45.7453,-87.0646
477,Roswell,US,1619474754,79.0,1,10.36,43,34.0232,-84.3616
478,Macenta,GN,1619474832,69.67,99,1.88,96,8.5435,-9.471
479,Sibu,MY,1619474832,77.0,40,1.28,94,2.3,111.8167
480,Sotnikovo,RU,1619474833,35.6,75,17.9,69,51.8845,107.4791
481,Beringovskiy,RU,1619474833,32.47,90,4.79,92,63.05,179.3167
482,Belmonte,BR,1619474833,77.0,20,8.05,73,-15.8631,-38.8828
483,Pimentel,PE,1619474834,69.8,0,20.71,73,-6.8367,-79.9342
484,Ahtopol,BG,1619474834,46.4,0,8.05,87,42.1,27.95
485,Keetmanshoop,NA,1619474834,66.2,58,10.36,48,-26.5833,18.1333
486,Punta Cardon,VE,1619474834,80.69,83,27.0,71,11.6581,-70.215
487,Assiut,EG,1619474835,69.8,0,8.05,52,27.181,31.1837
488,Oussouye,SN,1619474836,77.0,0,6.91,83,12.485,-16.5469
489,Liwale,TZ,1619474836,68.2,72,2.53,98,-9.7667,37.9333
490,Tommot,RU,1619474836,34.72,100,3.4,97,58.9564,126.2925
491,Weligama,LK,1619474836,78.12,99,1.81,86,5.9667,80.4167
492,Danville,US,1619474837,75.99,1,3.44,25,36.586,-79.395
493,Coyhaique,CL,1619474837,51.8,75,6.91,87,-45.5752,-72.0662
494,Arequipa,PE,1619474837,68.0,0,11.5,26,-16.3989,-71.535
495,Eskişehir,TR,1619474838,39.2,0,5.75,87,39.7767,30.5206
496,Thinadhoo,MV,1619474733,81.91,26,4.05,65,0.5333,72.9333
497,Taltal,CL,1619474838,64.63,7,5.48,77,-25.4,-70.4833
498,Kilindoni,TZ,1619474839,79.0,96,10.42,85,-7.9139,39.6668
499,Barão de Melgaço,BR,1619474839,77.0,75,4.61,73,-16.1944,-55.9675
500,Pevek,RU,1619474839,21.47,99,4.54,90,69.7008,170.3133
501,Collie,AU,1619474839,55.0,100,0.96,88,-33.3667,116.15
502,Natalio,PY,1619474840,58.62,0,2.77,70,-26.7167,-55.0833
503,Quelimane,MZ,1619474840,78.8,20,4.61,89,-17.8786,36.8883
504,Zyryanka,RU,1619474840,19.74,7,14.45,80,65.75,150.85
505,Yabrūd,SY,1619474841,55.4,0,17.27,76,33.9674,36.6574
506,Kulhudhuffushi,MV,1619474841,84.0,13,5.79,71,6.6221,73.07
507,Emba,KZ,1619474842,60.01,99,10.74,38,48.8264,58.1442
508,Iberia,US,1619474842,80.6,1,11.5,50,29.9502,-91.7507
509,Ponta Delgada,PT,1619474600,60.8,75,9.22,77,37.7333,-25.6667
510,Zeya,RU,1619474842,48.25,100,9.95,67,53.75,127.2667
511,Sayyan,YE,1619474843,59.79,100,1.7,58,15.1718,44.3244
512,Torbay,CA,1619474600,41.0,90,21.85,65,47.6666,-52.7314
513,Hearst,CA,1619474843,48.2,95,10.36,25,49.6835,-83.6665
514,Berezovyy,RU,1619474844,45.52,100,3.42,54,51.6667,135.7
515,Jinxiang,CN,1619474844,62.76,100,4.7,78,27.4327,120.6062
516,Berdychiv,UA,1619474844,34.34,95,6.67,81,49.8993,28.6024
517,Ahipara,NZ,1619474845,63.45,21,10.13,70,-35.1667,173.1667
518,Goba,ET,1619474845,51.42,100,2.3,91,7.0167,39.9833
519,Hudiksvall,SE,1619474845,31.95,78,1.86,69,61.729,17.1036
520,Atyrau,KZ,1619474846,51.8,75,11.18,87,47.1167,51.8833
521,Miracema do Tocantins,BR,1619474847,76.68,99,4.14,87,-9.5618,-48.3967
522,Bandarbeyla,SO,1619474847,82.89,85,5.44,73,9.4942,50.8122
523,Cravo Norte,CO,1619474848,91.22,99,2.84,43,6.3017,-70.2041
524,Trelew,AR,1619474848,67.41,13,6.29,30,-43.249,-65.3051
525,Beyneu,KZ,1619474849,73.0,5,6.71,36,45.3167,55.2
526,Dabakala,CI,1619474849,74.52,75,0.36,84,8.3667,-4.4333
527,Kalianget,ID,1619474849,80.46,45,11.05,79,-7.05,113.9333
528,Cervo,ES,1619474850,54.0,99,4.85,89,43.6702,-7.4101
529,Festus,US,1619474850,79.0,99,5.99,45,38.2206,-90.396
530,Fujin,CN,1619474850,46.56,100,13.76,60,47.26,132.0322
531,Ust'-Omchug,RU,1619474850,12.4,91,3.36,90,61.15,149.6333
532,Rome,US,1619474851,46.99,1,17.27,36,43.2128,-75.4557
533,Bathsheba,BB,1619474851,82.4,40,16.11,57,13.2167,-59.5167
534,Ilulissat,GL,1619474852,48.2,75,17.27,46,69.2167,-51.1
535,Moose Factory,CA,1619474852,53.6,20,9.22,24,51.2585,-80.6094
536,Kuopio,FI,1619474566,33.8,90,3.44,80,62.8924,27.677
537,Eidsvåg,NO,1619474852,37.4,100,6.91,70,62.7767,8.0668
538,Kitami,JP,1619474852,32.0,10,5.01,78,43.8031,143.8908
539,Traverse City,US,1619474853,44.6,90,11.5,61,44.7631,-85.6206
540,San Cristobal,VE,1619474663,84.2,40,11.5,65,7.7669,-72.225
541,Muisne,EC,1619474853,77.72,100,6.11,86,0.6,-80.0333
542,Ubari,LY,1619474854,85.3,78,9.48,23,26.5921,12.7805
543,Prince Rupert,CA,1619474854,53.6,1,4.61,62,54.3161,-130.3201
544,Monte Alegre,BR,1619474566,77.25,86,3.71,89,-2.0078,-54.0692
545,Burnie,AU,1619474854,52.0,8,8.99,73,-41.0667,145.9167
546,Soe,ID,1619474855,58.87,32,3.4,69,-9.8607,124.284
547,Bariloche,AR,1619474855,62.6,0,11.5,23,-41.1456,-71.3082
548,Saint-Pierre,RE,1619474855,77.0,75,9.22,73,-21.3393,55.4781
549,Areal,BR,1619474856,68.0,41,4.74,80,-22.2306,-43.1056
550,Krasnoborsk,RU,1619474856,39.04,100,4.18,94,61.5598,45.934
551,Pundaguitan,PH,1619474856,80.17,100,5.3,77,6.3711,126.1689
552,Pedernales,DO,1619474857,79.0,24,4.56,75,18.0384,-71.744
553,Ucluelet,CA,1619474778,55.99,75,5.75,82,48.9329,-125.5528
554,São Francisco,BR,1619474857,81.27,94,2.26,45,-15.9486,-44.8644
555,Avera,US,1619474857,78.8,1,5.5,36,33.194,-82.5271
556,Kortkeros,RU,1619474858,33.8,0,4.47,86,61.8106,51.5806
557,Laas,IT,1619474858,54.0,90,5.75,100,46.6166,10.7002
558,Okhotsk,RU,1619474858,22.93,92,2.84,77,59.3833,143.3
559,Sabang,ID,1619474858,82.27,90,7.18,75,5.8933,95.3214
560,Ferrol,ES,1619474859,55.99,70,7.0,89,43.4832,-8.2369
561,Unaí,BR,1619474859,77.92,70,1.43,57,-16.3575,-46.9061
562,Bose,IT,1619474859,52.0,100,2.8,93,45.4612,8.0137
563,Barentu,ER,1619474860,81.12,100,10.8,41,15.1139,37.5928
564,Kanniyākumāri,IN,1619474860,82.78,25,10.02,78,8.0833,77.5667
565,Innisfail,AU,1619474860,73.04,100,10.22,85,-17.5333,146.0333
566,Banda Aceh,ID,1619474861,79.7,86,2.17,80,5.5577,95.3222
567,Sangar,RU,1619474861,22.17,100,10.47,94,63.9242,127.4739
568,Nanlong,CN,1619474861,61.88,100,2.04,82,31.3533,106.0631
569,Jalu,LY,1619474862,68.97,4,5.17,31,29.0331,21.5482
570,At-Bashi,KG,1619474772,42.67,18,5.57,46,41.1702,75.8106
571,Casablanca,MA,1619474817,68.0,40,9.22,82,33.5928,-7.6192
572,Hūn,LY,1619474862,73.29,9,12.06,21,29.1268,15.9477
573,Camocim,BR,1619474862,79.7,64,11.99,82,-2.9022,-40.8411
574,Pauini,BR,1619474863,74.89,95,1.43,93,-7.7136,-66.9764
575,Moineşti,RO,1619474863,43.0,75,3.98,75,46.4667,26.4833
576,Saiha,IN,1619474863,67.19,4,3.2,58,22.4833,92.9667
577,Wolgast,DE,1619474863,34.0,0,3.4,71,54.05,13.7667
578,Zyryanovsk,KZ,1619474864,38.66,100,3.56,72,49.7386,84.2719
579,Junín,AR,1619474864,62.01,2,1.68,21,-34.5838,-60.9433
580,Kumul,CN,1619474864,46.99,4,8.23,17,42.8,93.45
581,Januária,BR,1619474865,80.35,87,2.37,51,-15.4833,-44.3667
582,San Bartolomé de Tirajana,ES,1619474865,68.0,40,10.36,68,27.9248,-15.5733
583,Póvoa de Varzim,PT,1619474866,60.01,20,3.44,94,41.3834,-8.7636
584,Skiathos,GR,1619474866,55.0,55,4.0,55,39.1623,23.4909
585,Tari,NG,1619474867,91.54,68,3.58,23,12.4086,4.4914
586,Ipixuna,BR,1619474867,80.6,20,6.91,83,-1.7625,-48.8043
587,Comodoro Rivadavia,AR,1619474571,68.0,0,24.16,34,-45.8667,-67.5
588,Piro,IN,1619474867,81.1,15,6.89,12,25.3333,84.4167
589,Vilhena,BR,1619474867,75.2,75,9.22,83,-12.7406,-60.1458
590,Hergla,TN,1619474868,66.0,0,11.5,82,36.0303,10.509
591,Sibolga,ID,1619474868,77.59,97,2.86,86,1.7427,98.7792
592,North Platte,US,1619474824,87.8,1,5.75,16,41.1239,-100.7654
593,Vao,NC,1619474774,73.63,67,20.51,65,-22.6667,167.4833
594,Sioux Lookout,CA,1619474868,37.4,90,6.91,75,50.1001,-91.917
